rowid,star_id,label_raw,period,period_err1,period_err2,t0_bjd,t0_bjd_err1,t0_bjd_err2,dur_h,dur_h_err1,dur_h_err2,depth_ppm,depth_ppm_err1,depth_ppm_err2,ror,ror_err1,ror_err2,rade_Re,a_over_rs,impact,ecc,incl_deg,insol_S,eqt_K,teff_K,logg_cgs,feh_dex,rad_Rs,mass_Ms,age_Gyr,ra_deg,dec_deg,mag_Kepler,label,label_int,period_err_mean,period_rel_err,period_missing,t0_bjd_err_mean,t0_bjd_rel_err,t0_bjd_missing,dur_h_err_mean,dur_h_rel_err,dur_h_missing,depth_ppm_err_mean,depth_ppm_rel_err,depth_ppm_missing,ror_err_mean,ror_rel_err,ror_missing,is_kepler,is_k2,is_tess,depth_from_ror_ppm,depth_consistency,dur_frac,depth_snr,dur_snr,ecc_flag,high_b,mag_T,dist_pc,pm_ra_masyr,pm_dec_masyr,pm_tot,a_over_rs_err1,a_over_rs_err2,a_over_rs_err_mean,a_over_rs_rel_err,a_over_rs_missing
1,10797460,CONFIRMED,9.48803557,2.775e-05,-2.775e-05,170.53875,0.00216,-0.00216,2.9575,0.0819,-0.0819,615.8,19.5,-19.5,0.022344,0.000832,-0.000528,2.26,24.81,0.146,0.0,89.66,93.59,793.0,5455.0,4.467,0.14,0.927,0.919,,291.93423,48.141651,15.347,Confirmed,2.0,2.775e-05,2.924736084226126e-06,0,0.00216,1.266574312289729e-05,0,0.0819,0.027692307692307693,0,19.5,0.03166612536537837,0,0.00068,0.03043322592194773,0.0,1,0,0,499.2543359999999,0.1892589542059111,0.012987848301950104,31.579487179487177,36.111111111111114,0.0,0.0,,,,,,,,,,
2,10797460,CONFIRMED,54.4183827,0.0002479,-0.0002479,162.51384,0.00352,-0.00352,4.507,0.116,-0.116,874.8,35.5,-35.5,0.027954,0.009078,-0.001347,2.83,77.9,0.586,0.0,89.57,9.11,443.0,5455.0,4.467,0.14,0.927,0.919,,291.93423,48.141651,15.347,Confirmed,2.0,0.0002479,4.555445930222399e-06,0,0.00352,2.1659693722085457e-05,0,0.116,0.02573774129132461,0,35.5,0.040580704160951074,0,0.0052125,0.1864670530156686,0.0,1,0,0,781.426116,0.10673740740740738,0.003450886581873126,24.642253521126758,38.853448275862064,0.0,0.0,,,,,,,,,,
3,10811496,CANDIDATE,19.89913995,1.494e-05,-1.494e-05,175.850252,0.000581,-0.000581,1.7822,0.0341,-0.0341,10829.0,171.0,-171.0,0.154046,5.034292,-0.042179,14.6,53.5,0.969,0.0,88.96,39.3,638.0,5853.0,4.544,-0.18,0.868,0.961,,297.00482,48.134129,15.436,Candidate,1.0,1.494e-05,7.507862167681272e-07,0,0.000581,3.3039474973285794e-06,0,0.0341,0.01913365503310515,0,171.0,0.015790931757318313,0,2.5382355,16.477126962076262,0.0,1,0,0,23730.170115999998,1.1913537829901188,0.0037317358197349296,63.32748538011696,52.26392961876833,0.0,1.0,,,,,,,,,,
4,10848459,FALSE POSITIVE,1.736952453,2.63e-07,-2.63e-07,170.307565,0.000115,-0.000115,2.40641,0.00537,-0.00537,8079.2,12.8,-12.8,0.387394,0.109232,-0.08495,33.46,3.278,1.276,0.0,67.09,891.96,1395.0,5805.0,4.564,-0.52,0.791,0.836,,285.53461,48.28521,15.597,False Positive,0.0,2.63e-07,1.514146225164403e-07,0,0.000115,6.752489239101035e-07,0,0.00537,0.002231539928773567,0,12.8,0.0015843152787404695,0,0.097091,0.25062597768679945,0.0,1,0,0,150074.111236,17.575367763639964,0.05772586529939593,631.1875,448.1210428305401,0.0,1.0,,,,,,,,,,
5,10854555,CONFIRMED,2.525591777,3.761e-06,-3.761e-06,171.59555,0.00113,-0.00113,1.6545,0.042,-0.042,603.3,16.9,-16.9,0.024064,0.003751,-0.001522,2.75,8.75,0.701,0.0,85.41,926.16,1406.0,6031.0,4.438,0.07,1.046,1.095,,288.75488,48.2262,15.509,Confirmed,2.0,3.761e-06,1.489155941292883e-06,0,0.00113,6.585252356485934e-06,0,0.042,0.025385312783318223,0,16.9,0.028012597381070776,0,0.0026365,0.10956200132978725,0.0,1,0,0,579.0760959999999,0.04015233548814862,0.027295583010603065,35.69822485207101,39.392857142857146,0.0,0.0,,,,,,,,,,
6,10872983,CONFIRMED,11.09432054,2.036e-05,-2.036e-05,171.20116,0.00141,-0.00141,4.5945,0.061,-0.061,1517.5,24.2,-24.2,0.036779,0.005115,-0.001065,3.9,16.36,0.538,0.0,88.11,114.81,835.0,6046.0,4.486,-0.08,0.972,1.053,,296.28613,48.22467,15.714,Confirmed,2.0,2.036e-05,1.8351732245875782e-06,0,0.00141,8.23592550424308e-06,0,0.061,0.013276743932963325,0,24.2,0.015947281713344315,0,0.00309,0.08401533483781505,0.0,1,0,0,1352.6948409999998,0.10860307018121926,0.017255450598329298,62.70661157024794,75.31967213114754,0.0,0.0,,,,,,,,,,
7,10872983,CONFIRMED,4.13443512,1.046e-05,-1.046e-05,172.97937,0.0019,-0.0019,3.1402,0.0673,-0.0673,686.0,18.7,-18.7,0.026133,0.001968,-0.002055,2.77,6.96,0.762,0.0,83.72,427.65,1160.0,6046.0,4.486,-0.08,0.972,1.053,,296.28613,48.22467,15.714,Confirmed,2.0,1.046e-05,2.5299707690176548e-06,0,0.0019,1.0983968781942032e-05,0,0.0673,0.021431755939112156,0,18.7,0.02725947521865889,0,0.0020115000000000003,0.07697164504649295,0.0,1,0,0,682.933689,0.0044698411078717805,0.031646806122009395,36.68449197860963,46.65973254086182,0.0,0.0,,,,,,,,,,
8,10872983,CONFIRMED,2.56658897,1.781e-05,-1.781e-05,179.55437,0.00461,-0.00461,2.429,0.165,-0.165,226.5,16.8,-16.8,0.014983,0.003935,-0.001417,1.59,5.54,0.755,0.0,82.17,807.74,1360.0,6046.0,4.486,-0.08,0.972,1.053,,296.28613,48.22467,15.714,Confirmed,2.0,1.781e-05,6.939171097583264e-06,0,0.00461,2.5674674473252865e-05,0,0.165,0.06792918896665295,0,16.8,0.07417218543046358,0,0.002676,0.17860241607154775,0.0,1,0,0,224.490289,0.008872896247240662,0.03943301187542052,13.482142857142856,14.721212121212119,0.0,0.0,,,,,,,,,,
9,6721123,FALSE POSITIVE,7.36178958,2.128e-05,-2.128e-05,132.25053,0.00253,-0.00253,5.022,0.136,-0.136,233.7,5.8,-5.8,0.183387,7.128076,-0.043131,39.21,2.4,1.169,0.0,60.92,767.22,1342.0,6227.0,3.986,0.0,1.958,1.358,,298.86435,42.151569,12.66,False Positive,0.0,2.128e-05,2.890601499642428e-06,0,0.00253,1.913035811652324e-05,0,0.136,0.027080844285145362,0,5.8,0.024818142918271287,0,3.5856035,19.552113835768075,0.0,1,0,0,33630.791768999996,142.9058269961489,0.028423795291361752,40.293103448275865,36.92647058823529,0.0,1.0,,,,,,,,,,
10,10910878,CONFIRMED,16.06864674,1.088e-05,-1.088e-05,173.621937,0.000517,-0.000517,3.5347,0.0241,-0.0241,4914.3,33.3,-33.3,0.062161,0.000913,-0.000428,5.76,36.85,0.052,0.0,89.92,30.75,600.0,5031.0,4.485,0.16,0.848,0.801,,286.99948,48.37579,15.841,Confirmed,2.0,1.088e-05,6.770949773210336e-07,0,0.000517,2.9777343170638626e-06,0,0.0241,0.006818117520581662,0,33.3,0.006776143092607288,0,0.0006705,0.010786506008590595,0.0,1,0,0,3863.9899210000003,0.21372526687422416,0.009165623530701047,147.5765765765766,146.66804979253112,0.0,0.0,,,,,,,,,,
11,11446443,CONFIRMED,2.470613377,2.7e-08,-2.7e-08,122.763305,8.7e-06,-8.7e-06,1.74319,0.00107,-0.00107,14231.0,4.2,-4.2,0.123871,5.1e-05,-7.1e-05,13.04,8.3977,0.818,0.0,84.41,761.46,1339.0,5820.0,4.457,-0.06,0.964,0.971,,286.80847,49.316399,11.338,Confirmed,2.0,2.7e-08,1.0928460216136846e-08,0,8.7e-06,7.086808228240515e-08,0,0.00107,0.0006138171972074186,0,4.2,0.00029513034923757994,0,6.1000000000000005e-05,0.0004924477884250552,0.0,1,0,0,15344.024641,0.07821127404961001,0.029398738524949983,3388.333333333333,1629.1495327102805,0.0,1.0,,,,,,,,,,
12,10666592,CONFIRMED,2.204735417,4.3e-08,-4.3e-08,121.3585417,1.6e-05,-1.6e-05,3.88864,0.00203,-0.00203,6674.7,1.7,-1.7,0.075522,0.000298,-0.00035,16.1,4.602,0.224,0.0,87.21,4148.92,2048.0,6440.0,4.019,0.14,1.952,1.449,,292.24728,47.969521,10.463,Confirmed,2.0,4.3e-08,1.9503474053367554e-08,0,1.6e-05,1.3184074046928003e-07,0,0.00203,0.0005220334101382489,0,1.7,0.000254693094820741,0,0.00032399999999999996,0.004290140621275919,0.0,1,0,0,5703.572484000001,0.14549380736212844,0.0734902997508597,3926.294117647059,1915.5862068965516,0.0,0.0,,,,,,,,,,
13,6922244,CONFIRMED,3.522498429,1.98e-07,-1.98e-07,121.1194228,4.71e-05,-4.71e-05,3.19843,0.00653,-0.00653,9145.7,6.6,-6.6,0.092086,0.000141,-0.000177,14.59,7.541,0.631,0.0,85.2,1264.67,1521.0,6225.0,4.169,-0.04,1.451,1.132,,281.28812,42.45108,13.563,Confirmed,2.0,1.98e-07,5.621010313870036e-08,0,4.71e-05,3.888723947914983e-07,0,0.00653,0.002041626673086483,0,6.6,0.0007216506117629049,0,0.00015900000000000002,0.001726646830137046,0.0,1,0,0,8479.831396,0.07280674021671399,0.03783335020663161,1385.7121212121215,489.80551301684534,0.0,0.0,,,,,,,,,,
14,10984090,CONFIRMED,3.709214104,6.536e-06,-6.536e-06,133.98318,0.00143,-0.00143,2.6302,0.0427,-0.0427,131.1,3.0,-3.0,0.010424,0.000318,-0.000147,1.16,10.888,0.051,0.0,89.73,500.46,1206.0,5833.0,4.407,-0.04,1.022,0.974,,295.64871,48.49556,12.772,Confirmed,2.0,6.536e-06,1.7620983358581556e-06,0,0.00143,1.0672981489169014e-05,0,0.0427,0.016234506881605965,0,3.0,0.022883295194508012,0,0.00023249999999999999,0.022304297774366846,0.0,1,0,0,108.65977599999998,0.17116875667429454,0.02954579153262776,43.699999999999996,61.59718969555035,0.0,0.0,,,,,,,,,,
16,10464078,FALSE POSITIVE,19.40393776,2.068e-05,-2.068e-05,172.484253,0.000842,-0.000842,12.2155,0.0598,-0.0598,8918.7,53.3,-53.3,0.096729,0.000533,-0.000532,7.18,9.099,0.804,0.0,84.93,17.69,523.0,5043.0,4.591,-0.54,0.68,0.657,,289.25821,47.635319,15.487,False Positive,0.0,2.068e-05,1.0657630557149343e-06,0,0.000842,4.881605047157551e-06,0,0.0598,0.004895419753591748,0,53.3,0.005976207294785114,0,0.0005325,0.005505070868095401,0.0,1,0,0,9356.499441,0.049087808873490436,0.02623071527862222,167.3302063789869,204.27257525083613,0.0,1.0,,,,,,,,,,
17,10480982,FALSE POSITIVE,19.221388942,1.123e-06,-1.123e-06,184.5521637,4.5e-05,-4.5e-05,4.79843,0.00235,-0.00235,74284.0,21.9,-21.9,0.476633,0.024501,-0.027744,49.29,31.323,1.065,0.0,88.05,55.97,698.0,6117.0,4.496,-0.22,0.947,1.025,,295.81454,47.69035,15.341,False Positive,0.0,1.123e-06,5.8424498010451845e-08,0,4.5e-05,2.4383349995912296e-07,0,0.00235,0.0004897435202764238,0,21.9,0.00029481449571913194,0,0.0261225,0.054806318488228895,0.0,1,0,0,227179.01668899998,2.0582496458052875,0.010401672009063981,3391.963470319635,2041.8851063829786,0.0,1.0,,,,,,,,,,
18,10485250,FALSE POSITIVE,16.46983774,1.361e-05,-1.361e-05,180.881761,0.000623,-0.000623,9.4378,0.06,-0.06,10479.0,39.9,-39.9,0.092509,0.000598,-0.001109,7.94,14.05,0.292,0.0,88.81,29.61,595.0,5152.0,4.517,-0.2,0.786,0.741,,297.15442,47.668701,15.788,False Positive,0.0,1.361e-05,8.263590822722945e-07,0,0.000623,3.4442389136182722e-06,0,0.06,0.006357413804064507,0,39.9,0.003807615230460922,0,0.0008535,0.009226129349576798,0.0,1,0,0,8557.915081,0.18332712272163382,0.023876474855098764,262.63157894736844,157.29666666666665,0.0,0.0,,,,,,,,,,
19,10526549,CONFIRMED,9.27358173,1.037e-05,-1.037e-05,173.258155,0.000877,-0.000877,3.2875,0.0309,-0.0309,1288.3,16.8,-16.8,0.032563,0.003061,-0.00063,2.47,20.65,0.387,0.0,88.93,41.85,649.0,4856.0,4.583,-0.3,0.696,0.676,,288.13824,47.724449,15.302,Confirmed,2.0,1.037e-05,1.1182302913720048e-06,0,0.000877,5.061810799035693e-06,0,0.0309,0.009399239543726236,0,16.8,0.013040440891096796,0,0.0018455,0.056674753554647905,0.0,1,0,0,1060.3489690000001,0.17693940153690899,0.014770901972378118,76.68452380952381,106.3915857605178,0.0,0.0,,,,,,,,,,
20,10583066,CONFIRMED,6.02930329,5.509e-06,-5.509e-06,171.602959,0.000713,-0.000713,1.5821,0.0311,-0.0311,1912.7,34.4,-34.4,0.038838,0.001021,-0.001203,2.85,29.31,0.258,0.0,89.5,50.04,678.0,4537.0,4.648,0.21,0.672,0.761,,283.71088,47.86327,15.784,Confirmed,2.0,5.509e-06,9.137042432642331e-07,0,0.000713,4.154940008930732e-06,0,0.0311,0.019657417356677833,0,34.4,0.01798504731531343,0,0.0011120000000000001,0.028631752407436022,0.0,1,0,0,1508.3902439999997,0.21138168871229168,0.01093340808425866,55.60174418604652,50.87138263665595,0.0,0.0,,,,,,,,,,
21,10583180,FALSE POSITIVE,2.696370652,7.534e-06,-7.534e-06,170.73769,0.00234,-0.00234,3.6129,0.0686,-0.0686,397.9,9.5,-9.5,0.017673,0.000551,-0.000311,1.58,5.827,0.044,0.0,89.56,305.34,1066.0,4989.0,4.504,0.1,0.819,0.781,,283.76547,47.804298,15.269,False Positive,0.0,7.534e-06,2.794126243145299e-06,0,0.00234,1.3705234034734804e-05,0,0.0686,0.018987516953140136,0,9.5,0.023875345564212114,0,0.00043099999999999996,0.024387483732246928,0.0,1,0,0,312.33492900000005,0.21504164614224663,0.05582967604559137,41.88421052631579,52.6661807580175,0.0,0.0,,,,,,,,,,
22,10601284,CONFIRMED,5.349553819,8.834e-06,-8.834e-06,171.80694,0.00127,-0.00127,3.0278,0.0471,-0.0471,831.0,14.8,-14.8,0.025706,0.000845,-0.000453,2.55,13.8015,0.092,0.0,89.62,168.99,919.0,5185.0,4.44,0.16,0.91,0.831,,292.37613,47.880989,15.416,Confirmed,2.0,8.834e-06,1.6513526733060054e-06,0,0.00127,7.39201804071477e-06,0,0.0471,0.015555849131382523,0,14.8,0.017809867629362215,0,0.0006490000000000001,0.025247024041079907,0.0,1,0,0,660.7984359999999,0.204815359807461,0.02358296366423253,56.148648648648646,64.28450106157112,0.0,0.0,,,,,,,,,,
23,10601284,CONFIRMED,3.94105221,1.094e-05,-1.094e-05,136.08662,0.00233,-0.00233,2.5984,0.0737,-0.0737,363.3,13.9,-13.9,0.017105,0.000703,-0.000557,1.7,11.51,0.226,0.0,88.88,253.15,1018.0,5185.0,4.44,0.16,0.91,0.831,,292.37613,47.880989,15.416,Confirmed,2.0,1.094e-05,2.775908416600246e-06,0,0.00233,1.7121448089459493e-05,0,0.0737,0.028363608374384237,0,13.9,0.03826039086154693,0,0.0006299999999999999,0.03683133586670564,0.0,1,0,0,292.58102499999995,0.1946572391962567,0.027471512910169405,26.136690647482016,35.25644504748982,0.0,0.0,,,,,,,,,,
24,10601284,CONFIRMED,8.10904807,6.787e-05,-6.787e-05,132.8031,0.00716,-0.00716,3.596,0.198,-0.198,217.4,16.8,-16.8,0.013127,0.00087,-0.000503,1.3,17.46,0.025,0.0,89.92,97.03,800.0,5185.0,4.44,0.16,0.91,0.831,,292.37613,47.880989,15.416,Confirmed,2.0,6.787e-05,8.369663049734516e-06,0,0.00716,5.391440410653064e-05,0,0.198,0.05506117908787542,0,16.8,0.07727690892364306,0,0.0006865,0.05229679286965796,0.0,1,0,0,172.318129,0.20736831186752533,0.018477302396029988,12.94047619047619,18.161616161616163,0.0,0.0,,,,,,,,,,
25,2306756,FALSE POSITIVE,386.6030528,0.0001369,-0.0001369,166.342079,0.000299,-0.000299,6.8057,0.0184,-0.0184,24927.0,45.8,-45.8,0.240528,0.03529,-0.019779,41.5,332.0,0.9765,0.0,89.95,1.84,297.0,5543.0,4.081,0.44,1.58,1.103,,292.27374,37.671558,12.394,False Positive,0.0,0.0001369,3.541099818237131e-07,0,0.000299,1.7975006793079697e-06,0,0.0184,0.0027036160865157146,0,45.8,0.0018373651061098406,0,0.027534500000000003,0.11447523781015102,0.0,1,0,0,57853.718784,1.32092585485618,0.0007334935181694802,544.2576419213974,369.875,0.0,1.0,,,,,,,,,,
26,10662202,CONFIRMED,21.67699193,7.01e-05,-7.01e-05,171.53594,0.00258,-0.00258,3.4555,0.0656,-0.0656,857.2,27.1,-27.1,0.032666,2.1e-05,-0.005743,2.95,24.6,0.896,0.0,87.91,18.64,530.0,4954.0,4.5,0.18,0.828,0.791,,290.46512,47.92918,15.377,Confirmed,2.0,7.01e-05,3.233843525262594e-06,0,0.00258,1.5040579834173524e-05,0,0.0656,0.018984228042251486,0,27.1,0.03161455902939804,0,0.002882,0.08822629033245577,0.0,1,0,0,1067.067556,0.24482916005599617,0.006642027045616318,31.6309963099631,52.67530487804877,0.0,1.0,,,,,,,,,,
27,10682541,CONFIRMED,4.99677968,1.389e-05,-1.389e-05,171.74208,0.00219,-0.00219,2.1717,0.0762,-0.0762,934.7,39.7,-39.7,0.030014,0.004603,-0.002436,2.78,13.14,0.71,0.0,86.9,166.95,917.0,5339.0,4.552,0.18,0.847,0.931,,297.80826,47.946671,15.861,Confirmed,2.0,1.389e-05,2.779790362900291e-06,0,0.00219,1.2751679728113228e-05,0,0.0762,0.03508771929824562,0,39.7,0.042473520915801866,0,0.0035195,0.11726194442593457,0.0,1,0,0,900.840196,0.03622531721407944,0.018109163460254863,23.544080604534006,28.499999999999996,0.0,0.0,,,,,,,,,,
28,11460018,CONFIRMED,4.280963604,6.141e-06,-6.141e-06,171.89659,0.00115,-0.00115,2.875,0.042,-0.042,750.8,14.1,-14.1,0.025377,0.000141,-0.000935,2.3,10.64,0.424,0.0,87.72,247.87,1012.0,5644.0,4.564,-0.14,0.831,0.928,,294.26581,49.314091,15.356,Confirmed,2.0,6.141e-06,1.4344901213974442e-06,0,0.00115,6.690068720967647e-06,0,0.042,0.014608695652173913,0,14.1,0.018779968034096962,0,0.000538,0.02120029948378453,0.0,1,0,0,643.9921290000001,0.14225875199786878,0.02798240717457561,53.248226950354606,68.45238095238095,0.0,0.0,,,,,,,,,,
29,11463211,FALSE POSITIVE,1.50635409,4.7e-07,-4.7e-07,170.998064,0.000246,-0.000246,1.5155,0.0483,-0.0483,2211.7,18.3,-18.3,0.049899,0.002001,-0.004217,4.53,4.67,0.86,0.0,79.38,1054.12,1452.0,5714.0,4.563,-0.2,0.831,0.926,,295.66522,49.351009,15.525,False Positive,0.0,4.7e-07,3.120116333338332e-07,0,0.000246,1.4386127786803481e-06,0,0.0483,0.03187066974595843,0,18.3,0.008274178233937696,0,0.0031090000000000002,0.0623058578328223,0.0,1,0,0,2489.9102009999997,0.12579020708052624,0.04191964807778583,120.85792349726775,31.3768115942029,0.0,1.0,,,,,,,,,,
30,11465813,FALSE POSITIVE,670.645531,0.001237,-0.001237,209.04355,0.00157,-0.00157,53.412,0.131,-0.131,18091.0,33.5,-33.5,0.131705,0.000242,-0.000326,14.14,85.24,0.701,0.0,89.53,0.35,196.0,5520.0,4.466,0.48,0.983,1.03,,296.69861,49.316479,15.207,False Positive,0.0,0.001237,1.8444915276711209e-06,0,0.00157,7.510396757039382e-06,0,0.131,0.0024526323672582943,0,33.5,0.0018517494886960367,0,0.000284,0.00215633423180593,0.0,1,0,0,17346.207024999996,0.04116925404897485,0.003318444539072012,540.0298507462686,407.7251908396946,0.0,0.0,,,,,,,,,,
31,11493732,FALSE POSITIVE,61.2563628,0.000156,-0.000156,173.83826,0.00209,-0.00209,7.633,0.105,-0.105,5123.3,70.6,-70.6,0.334628,6.817256,-0.062365,39.87,29.1,1.248,0.0,87.54,15.43,505.0,6144.0,4.402,0.0,1.091,1.093,,283.72592,49.479519,15.25,False Positive,0.0,0.000156,2.546674220755399e-06,0,0.00209,1.2022669808130844e-05,0,0.105,0.013756059216559674,0,70.6,0.013780180742880564,0,3.4398105,10.279505899087944,0.0,1,0,0,111975.89838399999,20.856205645579994,0.005191977651449241,72.56798866855524,72.6952380952381,0.0,1.0,,,,,,,,,,
32,11507101,CONFIRMED,38.3775486,0.0001602,-0.0001602,172.82048,0.00338,-0.00338,5.588,0.113,-0.113,724.2,23.4,-23.4,0.024901,0.000184,-0.001271,2.82,47.8,0.468,0.0,89.44,18.53,529.0,5481.0,4.369,0.16,1.036,0.915,,291.72202,49.480869,15.172,Confirmed,2.0,0.0001602,4.174315604931577e-06,0,0.00338,1.9557867215737395e-05,0,0.113,0.0202219040801718,0,23.4,0.03231151615575807,0,0.0007275,0.029215694148829362,0.0,1,0,0,620.059801,0.14380033001933173,0.006066915210246997,30.948717948717952,49.451327433628315,0.0,0.0,,,,,,,,,,
33,10910878,CONFIRMED,41.19725502,9.345e-05,-9.345e-05,165.00404,0.00171,-0.00171,4.6297,0.0633,-0.0633,2213.9,45.5,-45.5,0.041693,0.00118,-0.000613,3.86,70.75,0.045,0.0,89.96,8.76,439.0,5031.0,4.485,0.16,0.848,0.801,,286.99948,48.37579,15.841,Confirmed,2.0,9.345e-05,2.268355014299688e-06,0,0.00171,1.0363382617783176e-05,0,0.0633,0.013672592176598915,0,45.5,0.020551967116852612,0,0.0008965,0.021502410476578804,0.0,1,0,0,1738.3062490000002,0.2148216951985184,0.004682451939407556,48.65714285714286,73.13902053712481,0.0,0.0,,,,,,,,,,
34,10910878,CONFIRMED,6.252962249,9.577e-06,-9.577e-06,171.30126,0.00117,-0.00117,2.5819,0.0426,-0.0426,1036.9,24.5,-24.5,0.028604,0.001027,-0.000484,2.65,18.94,0.105,0.0,89.68,108.3,823.0,5031.0,4.485,0.16,0.848,0.801,,286.99948,48.37579,15.841,Confirmed,2.0,9.577e-06,1.531594085912096e-06,0,0.00117,6.830072353233128e-06,0,0.0426,0.016499477129245904,0,24.5,0.023628122287588,0,0.0007555,0.02641238987554188,0.0,1,0,0,818.1888160000001,0.21092794290674124,0.017204512418713416,42.32244897959184,60.60798122065728,0.0,0.0,,,,,,,,,,
35,10987985,CONFIRMED,16.01308419,4.854e-05,-4.854e-05,176.3608,0.00243,-0.00243,3.2554,0.0791,-0.0791,1121.9,39.4,-39.4,0.034369,0.003169,-0.004367,3.1,24.7,0.799,0.0,88.14,29.31,593.0,5015.0,4.499,0.1,0.826,0.785,,297.02563,48.478588,15.39,Confirmed,2.0,4.854e-05,3.0312711420272624e-06,0,0.00243,1.3778572108994742e-05,0,0.0791,0.02429808932850034,0,39.4,0.035118994562795255,0,0.003768,0.10963368151531905,0.0,1,0,0,1181.2281609999998,0.05288186201978757,0.008470677169821753,28.474619289340104,41.155499367888744,0.0,0.0,,,,,,,,,,
36,11018648,CONFIRMED,32.62876672,5.801e-05,-5.801e-05,194.1019,0.00138,-0.00138,4.7971,0.058,-0.058,1804.8,25.4,-25.4,0.03852,0.000971,-0.000365,3.36,53.95,0.021,0.0,89.98,15.55,506.0,5586.0,4.56,-0.3,0.798,0.844,,285.71854,48.505859,15.082,Confirmed,2.0,5.801e-05,1.7778790261307185e-06,0,0.00138,7.109667653948776e-06,0,0.058,0.012090638093848366,0,25.4,0.014073581560283687,0,0.000668,0.017341640706126687,0.0,1,0,0,1483.7903999999999,0.17786436170212772,0.006125857234565643,71.05511811023622,82.70862068965518,0.0,0.0,,,,,,,,,,
37,11018648,CONFIRMED,91.7732862,0.0007518,-0.0007518,193.8378,0.00643,-0.00643,6.473,0.204,-0.204,652.0,36.2,-36.2,0.02432,0.007051,-0.001216,2.12,89.4,0.606,0.0,89.61,3.92,359.0,5586.0,4.56,-0.3,0.798,0.844,,285.71854,48.505859,15.082,Confirmed,2.0,0.0007518,8.191926334223388e-06,0,0.00643,3.317206447865174e-05,0,0.204,0.031515526031206546,0,36.2,0.05552147239263804,0,0.0041335,0.16996299342105262,0.0,1,0,0,591.4624000000001,0.09284907975460105,0.0029388544804373946,18.011049723756905,31.730392156862745,0.0,0.0,,,,,,,,,,
38,11138155,CONFIRMED,4.959319244,5.15e-07,-5.15e-07,172.2585292,8.27e-05,-8.27e-05,2.22739,0.0075,-0.0075,9802.0,20.0,-20.0,0.103379,0.001245,-7.4e-05,12.21,12.386,0.831,0.0,86.15,349.4,1103.0,5712.0,4.359,0.1,1.082,0.976,,292.16705,48.727589,15.263,Confirmed,2.0,5.15e-07,1.038448977897661e-07,0,8.27e-05,4.800923378602724e-07,0,0.0075,0.0033671696469859337,0,20.0,0.0020403999183840034,0,0.0006595,0.006379438764159065,0.0,1,0,0,10687.217641000001,0.09030990012242411,0.018713841981225495,490.1,296.98533333333336,0.0,1.0,,,,,,,,,,
39,11152159,FALSE POSITIVE,2.701287801,5.634e-06,-5.634e-06,170.69579,0.00164,-0.00164,3.3827,0.0892,-0.0892,860.4,20.9,-20.9,0.06584,3.758761,-0.032101,6.54,2.22,1.016,0.0,62.69,527.81,1222.0,5550.0,4.468,-0.04,0.91,0.889,,297.92365,48.777321,15.54,False Positive,0.0,5.634e-06,2.0856718776556604e-06,0,0.00164,9.607735492480512e-06,0,0.0892,0.026369468176308867,0,20.9,0.024291027429102743,0,1.8954309999999999,28.788441676792225,0.0,1,0,0,4334.905599999999,4.038244537424453,0.05217727384736867,41.16746411483254,37.92264573991031,0.0,1.0,,,,,,,,,,
40,11153539,CONFIRMED,4.49876511,1.777e-05,-1.777e-05,171.34905,0.003,-0.003,3.7362,0.0934,-0.0934,460.0,17.5,-17.5,0.019817,0.000458,-0.000789,2.1,8.95,0.312,0.0,88.0,389.62,1133.0,6075.0,4.486,-0.12,0.969,1.048,,298.45685,48.791592,15.395,Confirmed,2.0,1.777e-05,3.949972840435761e-06,0,0.003,1.7508121579897875e-05,0,0.0934,0.02499866174187677,0,17.5,0.03804347826086957,0,0.0006235,0.03146288540142302,0.0,1,0,0,392.71348900000004,0.1462750239130434,0.03460394045778487,26.285714285714285,40.00214132762313,0.0,0.0,,,,,,,,,,
41,11242721,FALSE POSITIVE,19.651209505,5.862e-06,-5.862e-06,179.401981,0.000249,-0.000249,5.2514,0.0179,-0.0179,11766.0,27.7,-27.7,0.106953,0.000536,-5.1e-05,12.42,23.98,0.723,0.0,88.27,67.03,730.0,6074.0,4.391,-0.12,1.063,1.014,,291.0939,48.933842,15.536,False Positive,0.0,5.862e-06,2.983022494624816e-07,0,0.000249,1.3879445400326987e-06,0,0.0179,0.003408614845564992,0,27.7,0.0023542410334863166,0,0.00029350000000000003,0.002744196048731686,0.0,1,0,0,11438.944209000001,0.027796684599693935,0.011134598777630473,424.7653429602888,293.3743016759777,0.0,0.0,,,,,,,,,,
42,9579641,CONFIRMED,5.412203927,3.052e-06,-3.052e-06,133.143089,0.000468,-0.000468,2.9472,0.024,-0.024,601.6,4.0,-4.0,0.024775,6e-05,-0.001886,2.94,9.25,0.787,0.0,85.12,337.68,1093.0,5779.0,4.339,-0.06,1.087,0.941,,287.88733,46.276241,12.791,Confirmed,2.0,3.052e-06,5.639107545032458e-07,0,0.000468,3.5150153381224316e-06,0,0.024,0.008143322475570033,0,4.0,0.006648936170212766,0,0.000973,0.039273461150353184,0.0,1,0,0,613.800625,0.020280294215425442,0.022689462861401898,150.4,122.8,0.0,0.0,,,,,,,,,,
43,11304958,CONFIRMED,41.43958662,7.557e-05,-7.557e-05,208.93203,0.00142,-0.00142,10.5989,0.088,-0.088,2793.1,22.6,-22.6,0.048175,0.000284,-0.001083,5.5,29.47,0.355,0.0,89.31,16.72,516.0,5468.0,4.367,0.22,1.046,0.93,,295.55505,49.017342,15.4,Confirmed,2.0,7.557e-05,1.8236185773997955e-06,0,0.00142,6.796468688884131e-06,0,0.088,0.008302748398418703,0,22.6,0.008091368014034586,0,0.0006835,0.014187856772184742,0.0,1,0,0,2320.8306250000005,0.16908430596827875,0.01065697969873555,123.58849557522123,120.44204545454546,0.0,0.0,,,,,,,,,,
44,11391957,CONFIRMED,8.35389523,1.524e-05,-1.524e-05,171.63257,0.00133,-0.00133,2.2514,0.0518,-0.0518,1041.6,28.2,-28.2,0.029305,0.000955,-0.000532,2.52,29.18,0.023,0.0,89.95,91.9,790.0,5592.0,4.582,-0.28,0.787,0.862,,285.49924,49.277351,15.317,Confirmed,2.0,1.524e-05,1.8242986750984189e-06,0,0.00133,7.749111954683195e-06,0,0.0518,0.02300790619170294,0,28.2,0.02707373271889401,0,0.0007435,0.025371097082409144,0.0,1,0,0,858.7830250000001,0.17551552899385547,0.01122929253367394,36.93617021276596,43.463320463320464,0.0,0.0,,,,,,,,,,
45,11403044,CONFIRMED,4.125543472,3.133e-06,-3.133e-06,169.752585,0.000613,-0.000613,3.1744,0.0362,-0.0362,1487.3,13.3,-13.3,0.036796,0.00263,-0.001282,4.43,8.45,0.597,0.0,85.95,565.35,1243.0,6174.0,4.417,0.1,1.103,1.162,,291.93616,49.253979,15.506,Confirmed,2.0,3.133e-06,7.594150979776658e-07,0,0.000613,3.611137939372175e-06,0,0.0362,0.01140372983870968,0,13.3,0.008942378807234587,0,0.001956,0.05315795195129905,0.0,1,0,0,1353.9456160000002,0.08966206145364067,0.03206042247872516,111.82706766917292,87.69060773480662,0.0,0.0,,,,,,,,,,
46,11414511,CONFIRMED,2.816504904,1.65e-07,-1.65e-07,170.9676846,4.66e-05,-4.66e-05,2.50587,0.00666,-0.00666,16814.0,11.0,-11.0,0.117059,0.001834,-0.000297,12.21,9.571,0.105,0.0,89.37,521.13,1219.0,5532.0,4.452,0.14,0.955,0.941,,297.01547,49.225288,15.052,Confirmed,2.0,1.65e-07,5.858324612382781e-08,0,4.66e-05,2.725661291432147e-07,0,0.00666,0.0026577595805049744,0,11.0,0.0006542167241584394,0,0.0010655,0.00910224758455138,0.0,1,0,0,13702.809480999998,0.18503571541572508,0.03707121185967585,1528.5454545454545,376.2567567567567,0.0,0.0,,,,,,,,,,
47,11442465,FALSE POSITIVE,33.93373447,6.154e-05,-6.154e-05,186.67608,0.00137,-0.00137,14.561,0.104,-0.104,8503.7,44.3,-44.3,0.095386,0.000555,-0.000616,7.34,13.12,0.812,0.0,86.45,8.11,430.0,5040.0,4.628,-0.24,0.705,0.782,,284.17233,49.360722,15.716,False Positive,0.0,6.154e-05,1.813534553775861e-06,0,0.00137,7.338915623254997e-06,0,0.104,0.007142366595700844,0,44.3,0.005209497042463868,0,0.0005855000000000001,0.0061382173484578455,0.0,1,0,0,9098.488996,0.0699447294707009,0.017879209076434237,191.95711060948085,140.0096153846154,0.0,1.0,,,,,,,,,,
48,12110942,CONFIRMED,3.689920099,8.982e-06,-8.982e-06,170.36571,0.00191,-0.00191,2.6557,0.0677,-0.0677,426.7,13.8,-13.8,0.018878,0.000671,-0.00037,1.89,10.71,0.151,0.0,89.19,408.99,1147.0,5880.0,4.518,-0.06,0.917,1.01,,291.62241,50.61824,15.242,Confirmed,2.0,8.982e-06,2.434199050118781e-06,0,0.00191,1.121117623963179e-05,0,0.0677,0.025492337236886695,0,13.8,0.03234122334192641,0,0.0005205,0.027571776671257552,0.0,1,0,0,356.37888399999997,0.1648022404499649,0.029988228389187854,30.92028985507246,39.2274741506647,0.0,0.0,,,,,,,,,,
49,12366084,CONFIRMED,4.431238488,6.106e-06,-6.106e-06,171.015,0.00111,-0.00111,3.15,0.0423,-0.0423,1010.9,15.2,-15.2,0.02933,0.000228,-0.000889,3.25,10.19,0.405,0.0,87.72,351.23,1104.0,5714.0,4.428,0.16,1.015,1.007,,295.81616,51.121738,15.367,Confirmed,2.0,6.106e-06,1.3779443414150089e-06,0,0.00111,6.490658714147883e-06,0,0.0423,0.013428571428571429,0,15.2,0.015036106439806112,0,0.0005585,0.019041936583702693,0.0,1,0,0,860.2488999999999,0.1490267088732813,0.029619258894647876,66.50657894736842,74.46808510638299,0.0,0.0,,,,,,,,,,
50,12366084,CONFIRMED,11.37936986,2.415e-05,-2.415e-05,133.84992,0.00183,-0.00183,2.6255,0.073,-0.073,1023.5,29.7,-29.7,0.035628,0.000101,-0.006092,3.95,16.31,0.911,0.0,86.8,99.68,806.0,5714.0,4.428,0.16,1.015,1.007,,295.81616,51.121738,15.367,Confirmed,2.0,2.415e-05,2.122261627587171e-06,0,0.00183,1.36720290904918e-05,0,0.073,0.02780422776613978,0,29.7,0.029018075232046896,0,0.0030965000000000003,0.0869119793420905,0.0,1,0,0,1269.354384,0.24020946165119686,0.009613522952432917,34.46127946127946,35.96575342465754,0.0,1.0,,,,,,,,,,
51,12404086,CONFIRMED,26.39432897,5.724e-05,-5.724e-05,176.05459,0.00176,-0.00176,3.573,0.0643,-0.0643,1510.9,36.3,-36.3,0.03681,0.004201,-0.0019,3.07,47.7,0.602,0.0,89.28,13.49,489.0,5129.0,4.595,0.02,0.763,0.846,,289.39972,51.25032,15.234,Confirmed,2.0,5.724e-05,2.168647669166336e-06,0,0.00176,9.996899257213347e-06,0,0.0643,0.01799608172404142,0,36.3,0.02402541531537494,0,0.0030505,0.0828715023091551,0.0,1,0,0,1354.9761,0.1031993513799722,0.005640416173080683,41.62258953168045,55.56765163297045,0.0,0.0,,,,,,,,,,
